,Chain Length,Labels,Edges,Graph AdjList
0,4,"{1: 1, 2: 1, 3: 3, 7: 4, 8: 2, 10: 5, 6: 9, 4: 10, 5: 6, 9: 13, 11: 2, 12: 14, 16: 15, 17: 7, 19: 12, 15: 14, 13: 13, 14: 16, 18: 18, 20: 12, 21: 14, 25: 22, 26: 23, 28: 24, 24: 23, 22: 24, 23: 17, 27: 20, 29: 21, 30: 27, 34: 30, 35: 26, 37: 28, 33: 31, 31: 25, 32: 30, 36: 31}","{2, 3, 4, 5, 6, 7, 8, 9, 10, 11, 12, 13, 14, 15, 16, 17, 18, 19, 20, 21, 22, 23, 24, 25, 26, 27, 28, 29, 30, 31, 32, 33, 34, 35, 36, 37, 38, 39, 40, 41, 42, 43, 44, 45, 46, 47, 48, 49, 51, 57, 55, 53, 52, 60, 54, 56, 59, 61, 58, 62}","{1: [2, 3, 7], 2: [1, 8, 10], 3: [1, 6, 4], 7: [1, 5, 9], 8: [2, 5, 6], 10: [2, 4, 9, 11, 12, 16], 6: [3, 9, 8], 4: [3, 10, 5], 5: [4, 7, 8], 9: [6, 7, 10], 11: [10, 17, 19], 12: [10, 15, 13], 16: [10, 14, 18], 17: [11, 14, 15], 19: [11, 13, 18, 20, 21, 25], 15: [12, 18, 17], 13: [12, 19, 14], 14: [13, 16, 17], 18: [15, 16, 19], 20: [19, 26, 28], 21: [19, 24, 22], 25: [19, 23, 27], 26: [20, 23, 24], 28: [20, 22, 27, 29, 30, 34], 24: [21, 27, 26], 22: [21, 28, 23], 23: [22, 25, 26], 27: [24, 25, 28], 29: [28, 35, 37], 30: [28, 33, 31], 34: [28, 32, 36], 35: [29, 32, 33], 37: [29, 31, 36], 33: [30, 36, 35], 31: [30, 37, 32], 32: [31, 34, 35], 36: [33, 34, 37]}"
1,5,"{1: 1, 2: 1, 3: 3, 7: 4, 8: 2, 10: 5, 6: 9, 4: 10, 5: 6, 9: 13, 11: 2, 12: 14, 16: 15, 17: 7, 19: 12, 15: 14, 13: 13, 14: 16, 18: 18, 20: 12, 21: 14, 25: 22, 26: 23, 28: 24, 24: 23, 22: 24, 23: 17, 27: 20, 29: 21, 30: 27, 34: 29, 35: 26, 37: 28, 33: 30, 31: 27, 32: 33, 36: 38, 38: 24, 39: 33, 43: 37, 44: 34, 46: 26, 42: 36, 40: 38, 41: 38, 45: 37}","{2, 3, 4, 5, 6, 7, 8, 9, 10, 11, 12, 13, 14, 15, 16, 17, 18, 19, 20, 21, 22, 23, 24, 25, 26, 27, 28, 29, 30, 31, 32, 33, 34, 35, 36, 37, 38, 39, 40, 41, 42, 43, 44, 45, 46, 47, 48, 49, 51, 53, 54, 55, 56, 57, 50, 58, 59, 60, 61, 62, 63, 64, 65, 66, 67, 68, 69, 70, 71, 72, 73, 76, 75, 52, 74}","{1: [2, 3, 7], 2: [1, 8, 10], 3: [1, 6, 4], 7: [1, 5, 9], 8: [2, 5, 6], 10: [2, 4, 9, 11, 12, 16], 6: [3, 9, 8], 4: [3, 10, 5], 5: [4, 7, 8], 9: [6, 7, 10], 11: [10, 17, 19], 12: [10, 15, 13], 16: [10, 14, 18], 17: [11, 14, 15], 19: [11, 13, 18, 20, 21, 25], 15: [12, 18, 17], 13: [12, 19, 14], 14: [13, 16, 17], 18: [15, 16, 19], 20: [19, 26, 28], 21: [19, 24, 22], 25: [19, 23, 27], 26: [20, 23, 24], 28: [20, 22, 27, 29, 30, 34], 24: [21, 27, 26], 22: [21, 28, 23], 23: [22, 25, 26], 27: [24, 25, 28], 29: [28, 35, 37], 30: [28, 33, 31], 34: [28, 32, 36], 35: [29, 32, 33], 37: [29, 31, 36, 38, 39, 43], 33: [30, 36, 35], 31: [30, 37, 32], 32: [31, 34, 35], 36: [33, 34, 37], 38: [37, 44, 46], 39: [37, 42, 40], 43: [37, 41, 45], 44: [38, 41, 42], 46: [38, 40, 45], 42: [39, 45, 44], 40: [39, 46, 41], 41: [40, 43, 44], 45: [42, 43, 46]}"
2,6,"{1: 1, 2: 1, 3: 3, 7: 4, 8: 2, 10: 5, 6: 9, 4: 10, 5: 6, 9: 13, 11: 2, 12: 14, 16: 15, 17: 7, 19: 12, 15: 14, 13: 13, 14: 16, 18: 18, 20: 12, 21: 14, 25: 22, 26: 23, 28: 24, 24: 23, 22: 24, 23: 17, 27: 20, 29: 21, 30: 27, 34: 29, 35: 26, 37: 28, 33: 30, 31: 27, 32: 32, 36: 34, 38: 22, 39: 37, 43: 39, 44: 30, 46: 38, 42: 40, 40: 35, 41: 36, 45: 40, 47: 30, 48: 38, 52: 45, 53: 39, 55: 44, 51: 46, 49: 43, 50: 43, 54: 45}","{2, 3, 4, 5, 6, 7, 8, 9, 10, 11, 12, 13, 14, 15, 16, 17, 18, 19, 20, 21, 22, 23, 24, 25, 26, 27, 28, 29, 30, 31, 32, 33, 34, 35, 36, 37, 38, 39, 40, 41, 42, 43, 44, 45, 46, 47, 48, 49, 50, 51, 52, 53, 54, 55, 56, 57, 58, 59, 60, 61, 62, 63, 64, 65, 66, 67, 68, 69, 70, 71, 72, 73, 74, 75, 76, 77, 78, 79, 80, 81, 82, 83, 84, 85, 86, 87, 88, 89, 90, 91}","{1: [2, 3, 7], 2: [1, 8, 10], 3: [1, 6, 4], 7: [1, 5, 9], 8: [2, 5, 6], 10: [2, 4, 9, 11, 12, 16], 6: [3, 9, 8], 4: [3, 10, 5], 5: [4, 7, 8], 9: [6, 7, 10], 11: [10, 17, 19], 12: [10, 15, 13], 16: [10, 14, 18], 17: [11, 14, 15], 19: [11, 13, 18, 20, 21, 25], 15: [12, 18, 17], 13: [12, 19, 14], 14: [13, 16, 17], 18: [15, 16, 19], 20: [19, 26, 28], 21: [19, 24, 22], 25: [19, 23, 27], 26: [20, 23, 24], 28: [20, 22, 27, 29, 30, 34], 24: [21, 27, 26], 22: [21, 28, 23], 23: [22, 25, 26], 27: [24, 25, 28], 29: [28, 35, 37], 30: [28, 33, 31], 34: [28, 32, 36], 35: [29, 32, 33], 37: [29, 31, 36, 38, 39, 43], 33: [30, 36, 35], 31: [30, 37, 32], 32: [31, 34, 35], 36: [33, 34, 37], 38: [37, 44, 46], 39: [37, 42, 40], 43: [37, 41, 45], 44: [38, 41, 42], 46: [38, 40, 45, 47, 48, 52], 42: [39, 45, 44], 40: [39, 46, 41], 41: [40, 43, 44], 45: [42, 43, 46], 47: [46, 53, 55], 48: [46, 51, 49], 52: [46, 50, 54], 53: [47, 50, 51], 55: [47, 49, 54], 51: [48, 54, 53], 49: [48, 55, 50], 50: [49, 52, 53], 54: [51, 52, 55]}"
3,7,"{1: 1, 2: 1, 3: 3, 7: 4, 8: 2, 10: 5, 6: 9, 4: 10, 5: 6, 9: 13, 11: 2, 12: 14, 16: 15, 17: 7, 19: 12, 15: 14, 13: 13, 14: 16, 18: 18, 20: 12, 21: 14, 25: 22, 26: 23, 28: 24, 24: 23, 22: 24, 23: 17, 27: 20, 29: 21, 30: 27, 34: 29, 35: 26, 37: 28, 33: 30, 31: 27, 32: 32, 36: 34, 38: 22, 39: 37, 43: 39, 44: 30, 46: 38, 42: 40, 40: 35, 41: 36, 45: 40, 47: 30, 48: 38, 52: 47, 53: 39, 55: 44, 51: 45, 49: 43, 50: 43, 54: 44, 56: 48, 57: 49, 61: 50, 62: 52, 64: 51, 60: 49, 58: 53, 59: 53, 63: 46}","{2, 3, 4, 5, 6, 7, 8, 9, 10, 11, 12, 13, 14, 15, 16, 17, 18, 19, 20, 21, 22, 23, 24, 25, 26, 27, 28, 29, 30, 31, 32, 33, 34, 35, 36, 37, 38, 39, 40, 41, 42, 43, 44, 45, 46, 47, 48, 49, 50, 51, 52, 53, 54, 55, 56, 57, 58, 59, 60, 61, 62, 63, 64, 65, 66, 67, 68, 69, 70, 71, 72, 73, 74, 75, 76, 77, 78, 79, 80, 81, 82, 83, 84, 85, 86, 87, 88, 89, 90, 91, 92, 93, 94, 95, 97, 96, 101, 98, 100, 105, 99, 103, 106, 102, 104}","{1: [2, 3, 7], 2: [1, 8, 10], 3: [1, 6, 4], 7: [1, 5, 9], 8: [2, 5, 6], 10: [2, 4, 9, 11, 12, 16], 6: [3, 9, 8], 4: [3, 10, 5], 5: [4, 7, 8], 9: [6, 7, 10], 11: [10, 17, 19], 12: [10, 15, 13], 16: [10, 14, 18], 17: [11, 14, 15], 19: [11, 13, 18, 20, 21, 25], 15: [12, 18, 17], 13: [12, 19, 14], 14: [13, 16, 17], 18: [15, 16, 19], 20: [19, 26, 28], 21: [19, 24, 22], 25: [19, 23, 27], 26: [20, 23, 24], 28: [20, 22, 27, 29, 30, 34], 24: [21, 27, 26], 22: [21, 28, 23], 23: [22, 25, 26], 27: [24, 25, 28], 29: [28, 35, 37], 30: [28, 33, 31], 34: [28, 32, 36], 35: [29, 32, 33], 37: [29, 31, 36, 38, 39, 43], 33: [30, 36, 35], 31: [30, 37, 32], 32: [31, 34, 35], 36: [33, 34, 37], 38: [37, 44, 46], 39: [37, 42, 40], 43: [37, 41, 45], 44: [38, 41, 42], 46: [38, 40, 45, 47, 48, 52], 42: [39, 45, 44], 40: [39, 46, 41], 41: [40, 43, 44], 45: [42, 43, 46], 47: [46, 53, 55], 48: [46, 51, 49], 52: [46, 50, 54], 53: [47, 50, 51], 55: [47, 49, 54, 56, 57, 61], 51: [48, 54, 53], 49: [48, 55, 50], 50: [49, 52, 53], 54: [51, 52, 55], 56: [55, 62, 64], 57: [55, 60, 58], 61: [55, 59, 63], 62: [56, 59, 60], 64: [56, 58, 63], 60: [57, 63, 62], 58: [57, 64, 59], 59: [58, 61, 62], 63: [60, 61, 64]}"
4,8,"{1: 1, 2: 1, 3: 3, 7: 4, 8: 2, 10: 5, 6: 9, 4: 10, 5: 6, 9: 13, 11: 2, 12: 14, 16: 15, 17: 7, 19: 12, 15: 14, 13: 13, 14: 16, 18: 18, 20: 12, 21: 14, 25: 22, 26: 23, 28: 24, 24: 23, 22: 24, 23: 17, 27: 20, 29: 21, 30: 27, 34: 29, 35: 26, 37: 28, 33: 30, 31: 27, 32: 32, 36: 34, 38: 22, 39: 37, 43: 39, 44: 30, 46: 38, 42: 40, 40: 35, 41: 36, 45: 40, 47: 30, 48: 38, 52: 47, 53: 39, 55: 44, 51: 45, 49: 43, 50: 43, 54: 44, 56: 48, 57: 49, 61: 50, 62: 55, 64: 47, 60: 49, 58: 58, 59: 59, 63: 52, 65: 49, 66: 50, 70: 53, 71: 61, 73: 57, 69: 61, 67: 58, 68: 60, 72: 59}","{2, 3, 4, 5, 6, 7, 8, 9, 10, 11, 12, 13, 14, 15, 16, 17, 18, 19, 20, 21, 22, 23, 24, 25, 26, 27, 28, 29, 30, 31, 32, 33, 34, 35, 36, 37, 38, 39, 40, 41, 42, 43, 44, 45, 46, 47, 48, 49, 50, 51, 52, 53, 54, 55, 56, 57, 58, 59, 60, 61, 62, 63, 64, 65, 66, 67, 68, 69, 70, 71, 72, 73, 74, 75, 76, 77, 78, 79, 80, 81, 82, 83, 84, 85, 86, 87, 88, 89, 90, 91, 92, 93, 94, 95, 96, 97, 120, 98, 99, 100, 101, 102, 103, 104, 105, 111, 107, 108, 109, 110, 106, 112, 113, 114, 115, 116, 122, 121, 117, 118}","{1: [2, 3, 7], 2: [1, 8, 10], 3: [1, 6, 4], 7: [1, 5, 9], 8: [2, 5, 6], 10: [2, 4, 9, 11, 12, 16], 6: [3, 9, 8], 4: [3, 10, 5], 5: [4, 7, 8], 9: [6, 7, 10], 11: [10, 17, 19], 12: [10, 15, 13], 16: [10, 14, 18], 17: [11, 14, 15], 19: [11, 13, 18, 20, 21, 25], 15: [12, 18, 17], 13: [12, 19, 14], 14: [13, 16, 17], 18: [15, 16, 19], 20: [19, 26, 28], 21: [19, 24, 22], 25: [19, 23, 27], 26: [20, 23, 24], 28: [20, 22, 27, 29, 30, 34], 24: [21, 27, 26], 22: [21, 28, 23], 23: [22, 25, 26], 27: [24, 25, 28], 29: [28, 35, 37], 30: [28, 33, 31], 34: [28, 32, 36], 35: [29, 32, 33], 37: [29, 31, 36, 38, 39, 43], 33: [30, 36, 35], 31: [30, 37, 32], 32: [31, 34, 35], 36: [33, 34, 37], 38: [37, 44, 46], 39: [37, 42, 40], 43: [37, 41, 45], 44: [38, 41, 42], 46: [38, 40, 45, 47, 48, 52], 42: [39, 45, 44], 40: [39, 46, 41], 41: [40, 43, 44], 45: [42, 43, 46], 47: [46, 53, 55], 48: [46, 51, 49], 52: [46, 50, 54], 53: [47, 50, 51], 55: [47, 49, 54, 56, 57, 61], 51: [48, 54, 53], 49: [48, 55, 50], 50: [49, 52, 53], 54: [51, 52, 55], 56: [55, 62, 64], 57: [55, 60, 58], 61: [55, 59, 63], 62: [56, 59, 60], 64: [56, 58, 63, 65, 66, 70], 60: [57, 63, 62], 58: [57, 64, 59], 59: [58, 61, 62], 63: [60, 61, 64], 65: [64, 71, 73], 66: [64, 69, 67], 70: [64, 68, 72], 71: [65, 68, 69], 73: [65, 67, 72], 69: [66, 72, 71], 67: [66, 73, 68], 68: [67, 70, 71], 72: [69, 70, 73]}"
5,9,"{1: 1, 2: 1, 3: 3, 7: 4, 8: 2, 10: 5, 6: 9, 4: 10, 5: 6, 9: 13, 11: 2, 12: 14, 16: 15, 17: 7, 19: 12, 15: 14, 13: 13, 14: 16, 18: 18, 20: 12, 21: 14, 25: 22, 26: 23, 28: 24, 24: 23, 22: 24, 23: 17, 27: 20, 29: 21, 30: 27, 34: 29, 35: 26, 37: 28, 33: 30, 31: 27, 32: 32, 36: 34, 38: 22, 39: 37, 43: 39, 44: 30, 46: 38, 42: 40, 40: 35, 41: 36, 45: 40, 47: 30, 48: 38, 52: 47, 53: 39, 55: 44, 51: 45, 49: 43, 50: 43, 54: 44, 56: 48, 57: 49, 61: 50, 62: 54, 64: 47, 60: 57, 58: 52, 59: 65, 63: 53, 65: 49, 66: 50, 70: 51, 71: 55, 73: 56, 69: 57, 67: 58, 68: 58, 72: 67, 74: 64, 75: 65, 79: 66, 80: 67, 82: 64, 78: 68, 76: 62, 77: 63, 81: 68}","{2, 3, 4, 5, 6, 7, 8, 9, 10, 11, 12, 13, 14, 15, 16, 17, 18, 19, 20, 21, 22, 23, 24, 25, 26, 27, 28, 29, 30, 31, 32, 33, 34, 35, 36, 37, 38, 39, 40, 41, 42, 43, 44, 45, 46, 47, 48, 49, 50, 51, 52, 53, 54, 55, 56, 57, 58, 59, 60, 61, 62, 63, 64, 65, 66, 67, 68, 69, 70, 71, 72, 73, 74, 75, 76, 77, 78, 79, 80, 81, 82, 83, 84, 85, 86, 87, 88, 89, 90, 91, 92, 93, 94, 95, 96, 97, 98, 99, 100, 101, 102, 103, 104, 105, 106, 126, 122, 110, 111, 127, 108, 109, 125, 124, 112, 113, 114, 115, 116, 117, 118, 119, 121, 123, 135, 133, 136, 134, 130, 131, 132, 128, 129, 107, 120}","{1: [2, 3, 7], 2: [1, 8, 10], 3: [1, 6, 4], 7: [1, 5, 9], 8: [2, 5, 6], 10: [2, 4, 9, 11, 12, 16], 6: [3, 9, 8], 4: [3, 10, 5], 5: [4, 7, 8], 9: [6, 7, 10], 11: [10, 17, 19], 12: [10, 15, 13], 16: [10, 14, 18], 17: [11, 14, 15], 19: [11, 13, 18, 20, 21, 25], 15: [12, 18, 17], 13: [12, 19, 14], 14: [13, 16, 17], 18: [15, 16, 19], 20: [19, 26, 28], 21: [19, 24, 22], 25: [19, 23, 27], 26: [20, 23, 24], 28: [20, 22, 27, 29, 30, 34], 24: [21, 27, 26], 22: [21, 28, 23], 23: [22, 25, 26], 27: [24, 25, 28], 29: [28, 35, 37], 30: [28, 33, 31], 34: [28, 32, 36], 35: [29, 32, 33], 37: [29, 31, 36, 38, 39, 43], 33: [30, 36, 35], 31: [30, 37, 32], 32: [31, 34, 35], 36: [33, 34, 37], 38: [37, 44, 46], 39: [37, 42, 40], 43: [37, 41, 45], 44: [38, 41, 42], 46: [38, 40, 45, 47, 48, 52], 42: [39, 45, 44], 40: [39, 46, 41], 41: [40, 43, 44], 45: [42, 43, 46], 47: [46, 53, 55], 48: [46, 51, 49], 52: [46, 50, 54], 53: [47, 50, 51], 55: [47, 49, 54, 56, 57, 61], 51: [48, 54, 53], 49: [48, 55, 50], 50: [49, 52, 53], 54: [51, 52, 55], 56: [55, 62, 64], 57: [55, 60, 58], 61: [55, 59, 63], 62: [56, 59, 60], 64: [56, 58, 63, 65, 66, 70], 60: [57, 63, 62], 58: [57, 64, 59], 59: [58, 61, 62], 63: [60, 61, 64], 65: [64, 71, 73], 66: [64, 69, 67], 70: [64, 68, 72], 71: [65, 68, 69], 73: [65, 67, 72, 74, 75, 79], 69: [66, 72, 71], 67: [66, 73, 68], 68: [67, 70, 71], 72: [69, 70, 73], 74: [73, 80, 82], 75: [73, 78, 76], 79: [73, 77, 81], 80: [74, 77, 78], 82: [74, 76, 81], 78: [75, 81, 80], 76: [75, 82, 77], 77: [76, 79, 80], 81: [78, 79, 82]}"
6,10,"{1: 1, 2: 1, 3: 3, 7: 4, 8: 2, 10: 5, 6: 9, 4: 10, 5: 6, 9: 13, 11: 2, 12: 14, 16: 15, 17: 7, 19: 12, 15: 14, 13: 13, 14: 16, 18: 18, 20: 12, 21: 14, 25: 22, 26: 23, 28: 24, 24: 23, 22: 24, 23: 17, 27: 20, 29: 21, 30: 27, 34: 29, 35: 26, 37: 28, 33: 30, 31: 27, 32: 32, 36: 34, 38: 22, 39: 37, 43: 39, 44: 30, 46: 38, 42: 40, 40: 35, 41: 36, 45: 40, 47: 30, 48: 38, 52: 47, 53: 39, 55: 44, 51: 45, 49: 43, 50: 43, 54: 44, 56: 48, 57: 49, 61: 50, 62: 54, 64: 47, 60: 57, 58: 52, 59: 62, 63: 53, 65: 49, 66: 50, 70: 51, 71: 55, 73: 56, 69: 58, 67: 59, 68: 66, 72: 68, 74: 51, 75: 66, 79: 71, 80: 67, 82: 69, 78: 66, 76: 62, 77: 67, 81: 73, 83: 71, 84: 76, 88: 72, 89: 75, 91: 59, 87: 73, 85: 76, 86: 75, 90: 64}","{2, 3, 4, 5, 6, 7, 8, 9, 10, 11, 12, 13, 14, 15, 16, 17, 18, 19, 20, 21, 22, 23, 24, 25, 26, 27, 28, 29, 30, 31, 32, 33, 34, 35, 36, 37, 38, 39, 40, 41, 42, 43, 44, 45, 46, 47, 48, 49, 50, 51, 52, 53, 54, 55, 56, 57, 58, 59, 60, 61, 62, 63, 64, 65, 66, 67, 68, 69, 70, 71, 72, 73, 74, 75, 76, 77, 78, 79, 80, 81, 82, 83, 84, 85, 86, 87, 88, 89, 90, 91, 92, 93, 94, 95, 96, 97, 98, 99, 100, 101, 102, 103, 104, 105, 106, 107, 108, 109, 110, 111, 112, 113, 114, 115, 116, 117, 118, 119, 120, 121, 122, 124, 125, 126, 127, 128, 129, 123, 131, 132, 133, 134, 138, 135, 136, 137, 139, 140, 141, 142, 130, 144, 145, 146, 147, 148, 149, 150, 152, 151}","{1: [2, 3, 7], 2: [1, 8, 10], 3: [1, 6, 4], 7: [1, 5, 9], 8: [2, 5, 6], 10: [2, 4, 9, 11, 12, 16], 6: [3, 9, 8], 4: [3, 10, 5], 5: [4, 7, 8], 9: [6, 7, 10], 11: [10, 17, 19], 12: [10, 15, 13], 16: [10, 14, 18], 17: [11, 14, 15], 19: [11, 13, 18, 20, 21, 25], 15: [12, 18, 17], 13: [12, 19, 14], 14: [13, 16, 17], 18: [15, 16, 19], 20: [19, 26, 28], 21: [19, 24, 22], 25: [19, 23, 27], 26: [20, 23, 24], 28: [20, 22, 27, 29, 30, 34], 24: [21, 27, 26], 22: [21, 28, 23], 23: [22, 25, 26], 27: [24, 25, 28], 29: [28, 35, 37], 30: [28, 33, 31], 34: [28, 32, 36], 35: [29, 32, 33], 37: [29, 31, 36, 38, 39, 43], 33: [30, 36, 35], 31: [30, 37, 32], 32: [31, 34, 35], 36: [33, 34, 37], 38: [37, 44, 46], 39: [37, 42, 40], 43: [37, 41, 45], 44: [38, 41, 42], 46: [38, 40, 45, 47, 48, 52], 42: [39, 45, 44], 40: [39, 46, 41], 41: [40, 43, 44], 45: [42, 43, 46], 47: [46, 53, 55], 48: [46, 51, 49], 52: [46, 50, 54], 53: [47, 50, 51], 55: [47, 49, 54, 56, 57, 61], 51: [48, 54, 53], 49: [48, 55, 50], 50: [49, 52, 53], 54: [51, 52, 55], 56: [55, 62, 64], 57: [55, 60, 58], 61: [55, 59, 63], 62: [56, 59, 60], 64: [56, 58, 63, 65, 66, 70], 60: [57, 63, 62], 58: [57, 64, 59], 59: [58, 61, 62], 63: [60, 61, 64], 65: [64, 71, 73], 66: [64, 69, 67], 70: [64, 68, 72], 71: [65, 68, 69], 73: [65, 67, 72, 74, 75, 79], 69: [66, 72, 71], 67: [66, 73, 68], 68: [67, 70, 71], 72: [69, 70, 73], 74: [73, 80, 82], 75: [73, 78, 76], 79: [73, 77, 81], 80: [74, 77, 78], 82: [74, 76, 81, 83, 84, 88], 78: [75, 81, 80], 76: [75, 82, 77], 77: [76, 79, 80], 81: [78, 79, 82], 83: [82, 89, 91], 84: [82, 87, 85], 88: [82, 86, 90], 89: [83, 86, 87], 91: [83, 85, 90], 87: [84, 90, 89], 85: [84, 91, 86], 86: [85, 88, 89], 90: [87, 88, 91]}"
7,15,"{1: 1, 2: 1, 3: 3, 7: 4, 8: 2, 10: 5, 6: 9, 4: 10, 5: 6, 9: 13, 11: 2, 12: 14, 16: 15, 17: 7, 19: 12, 15: 14, 13: 13, 14: 16, 18: 18, 20: 12, 21: 14, 25: 22, 26: 23, 28: 24, 24: 23, 22: 24, 23: 17, 27: 20, 29: 21, 30: 27, 34: 29, 35: 26, 37: 28, 33: 30, 31: 27, 32: 32, 36: 34, 38: 22, 39: 37, 43: 39, 44: 30, 46: 38, 42: 40, 40: 35, 41: 36, 45: 40, 47: 30, 48: 38, 52: 47, 53: 39, 55: 44, 51: 45, 49: 43, 50: 43, 54: 44, 56: 48, 57: 49, 61: 50, 62: 54, 64: 47, 60: 57, 58: 52, 59: 62, 63: 53, 65: 49, 66: 50, 70: 51, 71: 55, 73: 56, 69: 58, 67: 59, 68: 66, 72: 68, 74: 51, 75: 66, 79: 71, 80: 67, 82: 69, 78: 66, 76: 62, 77: 67, 81: 70, 83: 54, 84: 68, 88: 75, 89: 76, 91: 81, 87: 74, 85: 72, 86: 71, 90: 74, 92: 64, 93: 73, 97: 86, 98: 87, 100: 88, 96: 85, 94: 83, 95: 74, 99: 77, 101: 71, 102: 80, 106: 91, 107: 93, 109: 95, 105: 90, 103: 89, 104: 84, 108: 90, 110: 79, 111: 87, 115: 98, 116: 97, 118: 99, 114: 100, 112: 99, 113: 91, 117: 96, 119: 92, 120: 101, 124: 102, 125: 100, 127: 107, 123: 105, 121: 106, 122: 102, 126: 109, 128: 110, 129: 108, 133: 105, 134: 113, 136: 111, 132: 112, 130: 111, 131: 113, 135: 98}","{2, 3, 4, 5, 6, 7, 8, 9, 10, 11, 12, 13, 14, 15, 16, 17, 18, 19, 20, 21, 22, 23, 24, 25, 26, 27, 28, 29, 30, 31, 32, 33, 34, 35, 36, 37, 38, 39, 40, 41, 42, 43, 44, 45, 46, 47, 48, 49, 50, 51, 52, 53, 54, 55, 56, 57, 58, 59, 60, 61, 62, 63, 64, 65, 66, 67, 68, 69, 70, 71, 72, 73, 74, 75, 76, 77, 78, 79, 80, 81, 82, 83, 84, 85, 86, 87, 88, 89, 90, 91, 92, 93, 94, 95, 96, 97, 98, 99, 100, 101, 102, 103, 104, 105, 106, 107, 108, 109, 110, 111, 112, 113, 114, 115, 116, 117, 118, 119, 120, 121, 122, 123, 124, 125, 126, 127, 128, 129, 130, 131, 132, 133, 134, 135, 136, 137, 138, 139, 140, 141, 142, 143, 144, 145, 146, 147, 148, 149, 150, 151, 152, 153, 154, 155, 156, 157, 158, 159, 160, 161, 162, 163, 164, 165, 166, 167, 168, 169, 170, 171, 172, 173, 174, 175, 176, 177, 178, 179, 180, 181, 182, 183, 184, 185, 186, 187, 188, 189, 190, 191, 192, 193, 194, 195, 196, 197, 198, 199, 200, 201, 202, 209, 204, 205, 206, 207, 208, 203, 213, 210, 211, 215, 214, 212, 216, 217, 218, 219, 220, 221, 222, 223, 224, 225, 226}","{1: [2, 3, 7], 2: [1, 8, 10], 3: [1, 6, 4], 7: [1, 5, 9], 8: [2, 5, 6], 10: [2, 4, 9, 11, 12, 16], 6: [3, 9, 8], 4: [3, 10, 5], 5: [4, 7, 8], 9: [6, 7, 10], 11: [10, 17, 19], 12: [10, 15, 13], 16: [10, 14, 18], 17: [11, 14, 15], 19: [11, 13, 18, 20, 21, 25], 15: [12, 18, 17], 13: [12, 19, 14], 14: [13, 16, 17], 18: [15, 16, 19], 20: [19, 26, 28], 21: [19, 24, 22], 25: [19, 23, 27], 26: [20, 23, 24], 28: [20, 22, 27, 29, 30, 34], 24: [21, 27, 26], 22: [21, 28, 23], 23: [22, 25, 26], 27: [24, 25, 28], 29: [28, 35, 37], 30: [28, 33, 31], 34: [28, 32, 36], 35: [29, 32, 33], 37: [29, 31, 36, 38, 39, 43], 33: [30, 36, 35], 31: [30, 37, 32], 32: [31, 34, 35], 36: [33, 34, 37], 38: [37, 44, 46], 39: [37, 42, 40], 43: [37, 41, 45], 44: [38, 41, 42], 46: [38, 40, 45, 47, 48, 52], 42: [39, 45, 44], 40: [39, 46, 41], 41: [40, 43, 44], 45: [42, 43, 46], 47: [46, 53, 55], 48: [46, 51, 49], 52: [46, 50, 54], 53: [47, 50, 51], 55: [47, 49, 54, 56, 57, 61], 51: [48, 54, 53], 49: [48, 55, 50], 50: [49, 52, 53], 54: [51, 52, 55], 56: [55, 62, 64], 57: [55, 60, 58], 61: [55, 59, 63], 62: [56, 59, 60], 64: [56, 58, 63, 65, 66, 70], 60: [57, 63, 62], 58: [57, 64, 59], 59: [58, 61, 62], 63: [60, 61, 64], 65: [64, 71, 73], 66: [64, 69, 67], 70: [64, 68, 72], 71: [65, 68, 69], 73: [65, 67, 72, 74, 75, 79], 69: [66, 72, 71], 67: [66, 73, 68], 68: [67, 70, 71], 72: [69, 70, 73], 74: [73, 80, 82], 75: [73, 78, 76], 79: [73, 77, 81], 80: [74, 77, 78], 82: [74, 76, 81, 83, 84, 88], 78: [75, 81, 80], 76: [75, 82, 77], 77: [76, 79, 80], 81: [78, 79, 82], 83: [82, 89, 91], 84: [82, 87, 85], 88: [82, 86, 90], 89: [83, 86, 87], 91: [83, 85, 90, 92, 93, 97], 87: [84, 90, 89], 85: [84, 91, 86], 86: [85, 88, 89], 90: [87, 88, 91], 92: [91, 98, 100], 93: [91, 96, 94], 97: [91, 95, 99], 98: [92, 95, 96], 100: [92, 94, 99, 101, 102, 106], 96: [93, 99, 98], 94: [93, 100, 95], 95: [94, 97, 98], 99: [96, 97, 100], 101: [100, 107, 109], 102: [100, 105, 103], 106: [100, 104, 108], 107: [101, 104, 105], 109: [101, 103, 108, 110, 111, 115], 105: [102, 108, 107], 103: [102, 109, 104], 104: [103, 106, 107], 108: [105, 106, 109], 110: [109, 116, 118], 111: [109, 114, 112], 115: [109, 113, 117], 116: [110, 113, 114], 118: [110, 112, 117, 119, 120, 124], 114: [111, 117, 116], 112: [111, 118, 113], 113: [112, 115, 116], 117: [114, 115, 118], 119: [118, 125, 127], 120: [118, 123, 121], 124: [118, 122, 126], 125: [119, 122, 123], 127: [119, 121, 126, 128, 129, 133], 123: [120, 126, 125], 121: [120, 127, 122], 122: [121, 124, 125], 126: [123, 124, 127], 128: [127, 134, 136], 129: [127, 132, 130], 133: [127, 131, 135], 134: [128, 131, 132], 136: [128, 130, 135], 132: [129, 135, 134], 130: [129, 136, 131], 131: [130, 133, 134], 135: [132, 133, 136]}"
8,20,"{1: 1, 2: 1, 3: 3, 7: 4, 8: 2, 10: 5, 6: 9, 4: 10, 5: 6, 9: 13, 11: 2, 12: 14, 16: 15, 17: 7, 19: 12, 15: 14, 13: 13, 14: 16, 18: 18, 20: 12, 21: 14, 25: 22, 26: 23, 28: 24, 24: 23, 22: 24, 23: 17, 27: 20, 29: 21, 30: 27, 34: 29, 35: 26, 37: 28, 33: 30, 31: 27, 32: 32, 36: 34, 38: 22, 39: 37, 43: 39, 44: 30, 46: 38, 42: 40, 40: 35, 41: 36, 45: 40, 47: 30, 48: 38, 52: 47, 53: 39, 55: 44, 51: 45, 49: 43, 50: 43, 54: 44, 56: 48, 57: 49, 61: 50, 62: 54, 64: 47, 60: 57, 58: 52, 59: 62, 63: 53, 65: 49, 66: 50, 70: 51, 71: 55, 73: 56, 69: 58, 67: 59, 68: 66, 72: 68, 74: 51, 75: 66, 79: 71, 80: 67, 82: 69, 78: 66, 76: 62, 77: 67, 81: 70, 83: 54, 84: 68, 88: 75, 89: 76, 91: 81, 87: 74, 85: 72, 86: 71, 90: 74, 92: 64, 93: 73, 97: 86, 98: 87, 100: 88, 96: 85, 94: 83, 95: 74, 99: 77, 101: 71, 102: 80, 106: 91, 107: 93, 109: 95, 105: 90, 103: 89, 104: 84, 108: 90, 110: 79, 111: 87, 115: 98, 116: 97, 118: 99, 114: 100, 112: 99, 113: 91, 117: 96, 119: 92, 120: 101, 124: 102, 125: 100, 127: 107, 123: 105, 121: 106, 122: 102, 126: 107, 128: 96, 129: 108, 133: 109, 134: 114, 136: 115, 132: 113, 130: 110, 131: 110, 135: 113, 137: 102, 138: 115, 142: 118, 143: 121, 145: 127, 141: 117, 139: 116, 140: 118, 144: 123, 146: 108, 147: 117, 151: 130, 152: 129, 154: 134, 150: 129, 148: 128, 149: 119, 153: 122, 155: 119, 156: 125, 160: 137, 161: 135, 163: 136, 159: 135, 157: 136, 158: 128, 162: 131, 164: 133, 165: 139, 169: 142, 170: 140, 172: 141, 168: 146, 166: 138, 167: 142, 171: 147, 173: 135, 174: 150, 178: 149, 179: 148, 181: 146, 177: 148, 175: 151, 176: 151, 180: 146}","{2, 3, 4, 5, 6, 7, 8, 9, 10, 11, 12, 13, 14, 15, 16, 17, 18, 19, 20, 21, 22, 23, 24, 25, 26, 27, 28, 29, 30, 31, 32, 33, 34, 35, 36, 37, 38, 39, 40, 41, 42, 43, 44, 45, 46, 47, 48, 49, 50, 51, 52, 53, 54, 55, 56, 57, 58, 59, 60, 61, 62, 63, 64, 65, 66, 67, 68, 69, 70, 71, 72, 73, 74, 75, 76, 77, 78, 79, 80, 81, 82, 83, 84, 85, 86, 87, 88, 89, 90, 91, 92, 93, 94, 95, 96, 97, 98, 99, 100, 101, 102, 103, 104, 105, 106, 107, 108, 109, 110, 111, 112, 113, 114, 115, 116, 117, 118, 119, 120, 121, 122, 123, 124, 125, 126, 127, 128, 129, 130, 131, 132, 133, 134, 135, 136, 137, 138, 139, 140, 141, 142, 143, 144, 145, 146, 147, 148, 149, 150, 151, 152, 153, 154, 155, 156, 157, 158, 159, 160, 161, 162, 163, 164, 165, 166, 167, 168, 169, 170, 171, 172, 173, 174, 175, 176, 177, 178, 179, 180, 181, 182, 183, 184, 185, 186, 187, 188, 189, 190, 191, 192, 193, 194, 195, 196, 197, 198, 199, 200, 201, 202, 203, 204, 205, 206, 207, 208, 209, 210, 211, 212, 213, 214, 215, 216, 217, 218, 219, 220, 221, 222, 223, 224, 225, 226, 227, 228, 229, 230, 231, 232, 233, 234, 235, 236, 237, 238, 239, 240, 241, 242, 243, 244, 245, 246, 247, 248, 249, 250, 251, 252, 253, 254, 255, 256, 257, 258, 259, 260, 261, 262, 263, 264, 265, 266, 267, 268, 269, 270, 271, 272, 273, 274, 275, 277, 278, 279, 280, 282, 276, 284, 285, 286, 281, 283, 288, 289, 290, 291, 292, 293, 294, 295, 296, 297, 298, 299, 300, 301, 302}","{1: [2, 3, 7], 2: [1, 8, 10], 3: [1, 6, 4], 7: [1, 5, 9], 8: [2, 5, 6], 10: [2, 4, 9, 11, 12, 16], 6: [3, 9, 8], 4: [3, 10, 5], 5: [4, 7, 8], 9: [6, 7, 10], 11: [10, 17, 19], 12: [10, 15, 13], 16: [10, 14, 18], 17: [11, 14, 15], 19: [11, 13, 18, 20, 21, 25], 15: [12, 18, 17], 13: [12, 19, 14], 14: [13, 16, 17], 18: [15, 16, 19], 20: [19, 26, 28], 21: [19, 24, 22], 25: [19, 23, 27], 26: [20, 23, 24], 28: [20, 22, 27, 29, 30, 34], 24: [21, 27, 26], 22: [21, 28, 23], 23: [22, 25, 26], 27: [24, 25, 28], 29: [28, 35, 37], 30: [28, 33, 31], 34: [28, 32, 36], 35: [29, 32, 33], 37: [29, 31, 36, 38, 39, 43], 33: [30, 36, 35], 31: [30, 37, 32], 32: [31, 34, 35], 36: [33, 34, 37], 38: [37, 44, 46], 39: [37, 42, 40], 43: [37, 41, 45], 44: [38, 41, 42], 46: [38, 40, 45, 47, 48, 52], 42: [39, 45, 44], 40: [39, 46, 41], 41: [40, 43, 44], 45: [42, 43, 46], 47: [46, 53, 55], 48: [46, 51, 49], 52: [46, 50, 54], 53: [47, 50, 51], 55: [47, 49, 54, 56, 57, 61], 51: [48, 54, 53], 49: [48, 55, 50], 50: [49, 52, 53], 54: [51, 52, 55], 56: [55, 62, 64], 57: [55, 60, 58], 61: [55, 59, 63], 62: [56, 59, 60], 64: [56, 58, 63, 65, 66, 70], 60: [57, 63, 62], 58: [57, 64, 59], 59: [58, 61, 62], 63: [60, 61, 64], 65: [64, 71, 73], 66: [64, 69, 67], 70: [64, 68, 72], 71: [65, 68, 69], 73: [65, 67, 72, 74, 75, 79], 69: [66, 72, 71], 67: [66, 73, 68], 68: [67, 70, 71], 72: [69, 70, 73], 74: [73, 80, 82], 75: [73, 78, 76], 79: [73, 77, 81], 80: [74, 77, 78], 82: [74, 76, 81, 83, 84, 88], 78: [75, 81, 80], 76: [75, 82, 77], 77: [76, 79, 80], 81: [78, 79, 82], 83: [82, 89, 91], 84: [82, 87, 85], 88: [82, 86, 90], 89: [83, 86, 87], 91: [83, 85, 90, 92, 93, 97], 87: [84, 90, 89], 85: [84, 91, 86], 86: [85, 88, 89], 90: [87, 88, 91], 92: [91, 98, 100], 93: [91, 96, 94], 97: [91, 95, 99], 98: [92, 95, 96], 100: [92, 94, 99, 101, 102, 106], 96: [93, 99, 98], 94: [93, 100, 95], 95: [94, 97, 98], 99: [96, 97, 100], 101: [100, 107, 109], 102: [100, 105, 103], 106: [100, 104, 108], 107: [101, 104, 105], 109: [101, 103, 108, 110, 111, 115], 105: [102, 108, 107], 103: [102, 109, 104], 104: [103, 106, 107], 108: [105, 106, 109], 110: [109, 116, 118], 111: [109, 114, 112], 115: [109, 113, 117], 116: [110, 113, 114], 118: [110, 112, 117, 119, 120, 124], 114: [111, 117, 116], 112: [111, 118, 113], 113: [112, 115, 116], 117: [114, 115, 118], 119: [118, 125, 127], 120: [118, 123, 121], 124: [118, 122, 126], 125: [119, 122, 123], 127: [119, 121, 126, 128, 129, 133], 123: [120, 126, 125], 121: [120, 127, 122], 122: [121, 124, 125], 126: [123, 124, 127], 128: [127, 134, 136], 129: [127, 132, 130], 133: [127, 131, 135], 134: [128, 131, 132], 136: [128, 130, 135, 137, 138, 142], 132: [129, 135, 134], 130: [129, 136, 131], 131: [130, 133, 134], 135: [132, 133, 136], 137: [136, 143, 145], 138: [136, 141, 139], 142: [136, 140, 144], 143: [137, 140, 141], 145: [137, 139, 144, 146, 147, 151], 141: [138, 144, 143], 139: [138, 145, 140], 140: [139, 142, 143], 144: [141, 142, 145], 146: [145, 152, 154], 147: [145, 150, 148], 151: [145, 149, 153], 152: [146, 149, 150], 154: [146, 148, 153, 155, 156, 160], 150: [147, 153, 152], 148: [147, 154, 149], 149: [148, 151, 152], 153: [150, 151, 154], 155: [154, 161, 163], 156: [154, 159, 157], 160: [154, 158, 162], 161: [155, 158, 159], 163: [155, 157, 162, 164, 165, 169], 159: [156, 162, 161], 157: [156, 163, 158], 158: [157, 160, 161], 162: [159, 160, 163], 164: [163, 170, 172], 165: [163, 168, 166], 169: [163, 167, 171], 170: [164, 167, 168], 172: [164, 166, 171, 173, 174, 178], 168: [165, 171, 170], 166: [165, 172, 167], 167: [166, 169, 170], 171: [168, 169, 172], 173: [172, 179, 181], 174: [172, 177, 175], 178: [172, 176, 180], 179: [173, 176, 177], 181: [173, 175, 180], 177: [174, 180, 179], 175: [174, 181, 176], 176: [175, 178, 179], 180: [177, 178, 181]}"
